MeansAssesments,CLINATIONAL,CLINATIONAL_INPUT_B_9WP2_10A,boolean,true
MeansAssesments,CLINATIONAL,CLINATIONAL_INPUT_B_9WP2_11A,boolean,true
MeansAssesments,CLINATIONAL,CLINATIONAL_INPUT_T_9WP2_12A,text,true
MeansAssesments,CLINATIONAL,CLINATIONAL_INPUT_B_9WP2_9A,boolean,true
MeansAssesments,CLINATIONAL,CLINATIONAL_INPUT_B_9WP2_8A,boolean,true
MeansAssesments,CLINATIONAL,CLINATIONAL_INPUT_C_9WP2_7A,currency,true
MeansAssesments,VALUABLE_POSSESSION,VALPOSSESS_INPUT_B_12WP2_12A,boolean,true
MeansAssesments,VALUABLE_POSSESSION,VALPOSSESS_INPUT_B_12WP2_11A,boolean,true
MeansAssesments,VALUABLE_POSSESSION,VALPOSSESS_INPUT_T_12WP2_7A,text,true
MeansAssesments,VALUABLE_POSSESSION,VALPOSSESS_INPUT_C_12WP2_8A,currency,true
MeansAssesments,VALUABLE_POSSESSION,VALPOSSESS_INPUT_B_12WP2_15A,boolean,true
MeansAssesments,VALUABLE_POSSESSION,VALPOSSESS_INPUT_B_12WP2_14A,boolean,true
MeansAssesments,CAPITAL_SHARE,CAPSHARE_INPUT_B_11WP2_20A,boolean,true
MeansAssesments,CAPITAL_SHARE,CAPSHARE_INPUT_N_11WP2_8A,number,true
MeansAssesments,CAPITAL_SHARE,CAPSHARE_INPUT_B_11WP2_19A,boolean,true
MeansAssesments,CAPITAL_SHARE,CAPSHARE_INPUT_C_11WP2_9A,currency,true
MeansAssesments,CAPITAL_SHARE,CAPSHARE_INPUT_T_11WP2_6A,text,true
MeansAssesments,CAPITAL_SHARE,CAPSHARE_INPUT_T_11WP2_7A,text,true
MeansAssesments,CAPITAL_SHARE,CAPSHARE_INPUT_B_11WP2_23A,boolean,true
MeansAssesments,CAPITAL_SHARE,CAPSHARE_INPUT_B_11WP2_22A,boolean,true
MeansAssesments,BANKACC,BANKACC_INPUT_C_7WP2_18A,currency,true
MeansAssesments,BANKACC,BANKACC_INPUT_T_7WP2_4A,text,true
MeansAssesments,BANKACC,BANKACC_INPUT_T_7WP2_3A,text,true
MeansAssesments,BANKACC,BANKACC_INPUT_B_7WP2_16A,boolean,true
MeansAssesments,BANKACC,BANKACC_INPUT_B_7WP2_19A,boolean,true
MeansAssesments,BANKACC,BANKACC_INPUT_B_7WP2_12A,boolean,true
MeansAssesments,BANKACC,BANKACC_INPUT_B_7WP2_23A,boolean,true
MeansAssesments,BANKACC,BANKACC_INPUT_B_7WP2_14A,boolean,true
MeansAssesments,BANKACC,BANKACC_INPUT_B_7WP2_22A,boolean,true
MeansAssesments,BANKACC,BANKACC_INPUT_B_7WP2_21A,boolean,true
MeansAssesments,BANKACC,BANKACC_INPUT_N_7WP2_5A,text,true
MeansAssesments,BANKACC,BANKACC_INPUT_T_7WP2_6A,text,true
MeansAssesments,BANKACC,BANKACC_INPUT_C_7WP2_18A,currency,true
MeansAssesments,BANKACC,BANKACC_INPUT_T_7WP2_4A,text,true
MeansAssesments,BANKACC,BANKACC_INPUT_T_7WP2_3A,text,true
MeansAssesments,BANKACC,BANKACC_INPUT_B_7WP2_16A,boolean,true
MeansAssesments,BANKACC,BANKACC_INPUT_B_7WP2_19A,boolean,true
MeansAssesments,BANKACC,BANKACC_INPUT_B_7WP2_12A,boolean,true
MeansAssesments,BANKACC,BANKACC_INPUT_B_7WP2_23A,boolean,true
MeansAssesments,BANKACC,BANKACC_INPUT_B_7WP2_14A,boolean,true
MeansAssesments,BANKACC,BANKACC_INPUT_B_7WP2_22A,boolean,true
MeansAssesments,BANKACC,BANKACC_INPUT_B_7WP2_21A,boolean,true
MeansAssesments,BANKACC,BANKACC_INPUT_N_7WP2_5A,text,true
MeansAssesments,BANKACC,BANKACC_INPUT_T_7WP2_6A,text,true
MeansAssesments,CLIENT_FINANCIAL_SUPPORT,CLI_FIN_SUPP_INPUT_C_8WP3_3A,currency,true
MeansAssesments,CLIENT_FINANCIAL_SUPPORT,CLI_FIN_SUPP_INPUT_T_8WP3_6A,text,true
MeansAssesments,CLIENT_FINANCIAL_SUPPORT,CLI_FIN_SUPP_INPUT_B_8WP3_8A,boolean,true
MeansAssesments,CLIENT_FINANCIAL_SUPPORT,CLI_FIN_SUPP_INPUT_C_8WP3_5A,currency,true
MeansAssesments,CLIENT_FINANCIAL_SUPPORT,CLI_FIN_SUPP_INPUT_T_8WP3_2A,text,true
MeansAssesments,CLIENT_FINANCIAL_SUPPORT,CLI_FIN_SUPP_INPUT_T_8WP3_1A,text,true
MeansAssesments,CLIENT_FINANCIAL_SUPPORT,CLI_FIN_SUPP_INPUT_C_8WP3_4A,currency,true
MeansAssesments,CHANGE_IN_CIRCUMSTANCE,CHANGE_CIRC_INPUT_T_33WP3_6A,text,true
MeansAssesments,CARS_AND_MOTOR_VEHICLES,CARANDVEH_INPUT_B_14WP2_28A,boolean,true
MeansAssesments,CARS_AND_MOTOR_VEHICLES,CARANDVEH_INPUT_D_14WP2_27A,date,true
MeansAssesments,CARS_AND_MOTOR_VEHICLES,CARANDVEH_INPUT_T_14WP2_22A,text,true
MeansAssesments,CARS_AND_MOTOR_VEHICLES,CARANDVEH_INPUT_C_14WP2_24A,currency,true
MeansAssesments,CARS_AND_MOTOR_VEHICLES,CARANDVEH_INPUT_C_14WP2_25A,currency,true
MeansAssesments,CARS_AND_MOTOR_VEHICLES,CARANDVEH_INPUT_C_14WP2_26A,currency,true
MeansAssesments,CARS_AND_MOTOR_VEHICLES,CARANDVEH_INPUT_T_14WP2_20A,text,true
MeansAssesments,CARS_AND_MOTOR_VEHICLES,CARANDVEH_INPUT_T_14WP2_21A,text,true
MeansAssesments,CARS_AND_MOTOR_VEHICLES,CARANDVEH_INPUT_B_14WP2_4A,boolean,true
MeansAssesments,CARS_AND_MOTOR_VEHICLES,CARANDVEH_INPUT_B_14WP2_5A,boolean,true
MeansAssesments,CARS_AND_MOTOR_VEHICLES,CARANDVEH_INPUT_B_14WP2_2A,boolean,true
MeansAssesments,CARS_AND_MOTOR_VEHICLES,CARANDVEH_INPUT_B_14WP2_1A,boolean,true
MeansAssesments,THIRDPARTACC,THIRDPARTACC_INPUT_N_8WP2_5A,text,true
MeansAssesments,THIRDPARTACC,THIRDPARTACC_INPUT_C_8WP2_14A,currency,true
MeansAssesments,THIRDPARTACC,THIRDPARTACC_INPUT_B_8WP2_19A,boolean,true
MeansAssesments,THIRDPARTACC,THIRDPARTACC_INPUT_B_8WP2_17A,boolean,true
MeansAssesments,THIRDPARTACC,THIRDPARTACC_INPUT_B_8WP2_18A,boolean,true
MeansAssesments,THIRDPARTACC,THIRDPARTACC_INPUT_B_8WP2_15A,boolean,true
MeansAssesments,THIRDPARTACC,THIRDPARTACC_INPUT_B_8WP2_13A,boolean,true
MeansAssesments,THIRDPARTACC,THIRDPARTACC_INPUT_B_8WP2_11A,boolean,true
MeansAssesments,THIRDPARTACC,THIRDPARTACC_INPUT_B_8WP2_12A,boolean,true
MeansAssesments,THIRDPARTACC,THIRDPARTACC_INPUT_T_8WP2_3A,text,true
MeansAssesments,THIRDPARTACC,THIRDPARTACC_INPUT_T_8WP2_4A,text,true
MeansAssesments,THIRDPARTACC,THIRDPARTACC_INPUT_T_8WP2_6A,text,true
MeansAssesments,THIRDPARTACC,THIRDPARTACC_INPUT_T_8WP2_7A,text,true
MeansAssesments,CLIENT_BENEFIT_PENDING,BEN_PEN_CLI_INPUT_T_6WP3_1A,text,true
MeansAssesments,CLIENT_BENEFIT_PENDING,BEN_PEN_CLI_INPUT_T_6WP3_2A,date,true
MeansAssesments,CLIPREMIUM,CLIPREMIUM_INPUT_C_9WP2_7A,currency,true
MeansAssesments,CLIPREMIUM,CLIPREMIUM_INPUT_T_9WP2_12A,text,true
MeansAssesments,CLIPREMIUM,CLIPREMIUM_INPUT_B_9WP2_9A,boolean,true
MeansAssesments,CLIPREMIUM,CLIPREMIUM_INPUT_B_9WP2_8A,boolean,true
MeansAssesments,CLIPREMIUM,CLIPREMIUM_INPUT_B_9WP2_11A,boolean,true
MeansAssesments,CLIPREMIUM,CLIPREMIUM_INPUT_B_9WP2_10A,boolean,true
MeansAssesments,MONEY_DUE,MONEYDUE_INPUT_T_15WP2_13A,text,true
MeansAssesments,MONEY_DUE,MONEYDUE_INPUT_C_15WP2_14A,currency,true
MeansAssesments,MONEY_DUE,MONEYDUE_INPUT_T_15WP2_15A,text,true
MeansAssesments,MONEY_DUE,MONEYDUE_INPUT_B_15WP2_18A,boolean,true
MeansAssesments,MONEY_DUE,MONEYDUE_INPUT_B_15WP2_5A,boolean,true
MeansAssesments,MONEY_DUE,MONEYDUE_INPUT_B_15WP2_1A,boolean,true
MeansAssesments,MONEY_DUE,MONEYDUE_INPUT_B_15WP2_2A,boolean,true
MeansAssesments,MONEY_DUE,MONEYDUE_INPUT_B_15WP2_21A,boolean,true
MeansAssesments,MONEY_DUE,MONEYDUE_INPUT_B_15WP2_4A,boolean,true
MeansAssesments,MONEY_DUE,MONEYDUE_INPUT_B_15WP2_12A,boolean,false
MeansAssesments,PROCEEDING,CLIENT_INVOLVEMENT_TYPE,text,true
MeansAssesments,PROCEEDING,SCOPE_LIMIT_IS_DEFAULT,boolean,true
MeansAssesments,PROCEEDING,PROC_UPPER_TRIBUNAL,text,false
MeansAssesments,PROCEEDING,LEVEL_OF_SERVICE,text,true
MeansAssesments,PROCEEDING,PROCEEDING_ID,text,true
MeansAssesments,PROCEEDING,MATTER_TYPE,text,true
MeansAssesments,PROCEEDING,NEW_OR_EXISTING,text,true
MeansAssesments,PROCEEDING,REQUESTED_SCOPE,text,true
MeansAssesments,PROCEEDING,PROCEEDING_NAME,text,true
MeansAssesments,CLICAPITAL,CLICAPITAL_INPUT_T_9WP2_12A,text,true
MeansAssesments,CLICAPITAL,CLICAPITAL_INPUT_B_9WP2_9A,boolean,true
MeansAssesments,CLICAPITAL,CLICAPITAL_INPUT_B_9WP2_8A,boolean,true
MeansAssesments,CLICAPITAL,CLICAPITAL_INPUT_B_9WP2_11A,boolean,true
MeansAssesments,CLICAPITAL,CLICAPITAL_INPUT_C_9WP2_7A,currency,true
MeansAssesments,CLICAPITAL,CLICAPITAL_INPUT_B_9WP2_10A,boolean,true
MeansAssesments,OPPONENT_OTHER_PARTIES,OTHER_PARTY_NAME,text,true
MeansAssesments,OPPONENT_OTHER_PARTIES,OTHER_PARTY_TYPE,text,true
MeansAssesments,OPPONENT_OTHER_PARTIES,OTHER_PARTY_ID,text,true
MeansAssesments,OPPONENT_OTHER_PARTIES,RELATIONSHIP_TO_CASE,text,true
MeansAssesments,OPPONENT_OTHER_PARTIES,RELATIONSHIP_TO_CLIENT,text,true
MeansAssesments,LAND,LAND_INPUT_C_5WP2_13A,currency,true
MeansAssesments,LAND,LAND_INFER_B_5WP2_54A,boolean,false
MeansAssesments,LAND,LAND_INPUT_T_5WP2_9A,text,true
MeansAssesments,LAND,LAND_INPUT_T_5WP2_5A,text,true
MeansAssesments,LAND,LAND_INPUT_T_5WP2_7A,text,true
MeansAssesments,LAND,LAND_INPUT_T_5WP2_10A,text,true
MeansAssesments,LAND,LAND_INPUT_B_5WP2_11A,boolean,true
MeansAssesments,LAND,LAND_INPUT_B_5WP2_23A,boolean,true
MeansAssesments,LAND,LAND_INPUT_N_3WP2_18A,number,true
MeansAssesments,LAND,LAND_INFER_C_21WP2_2A,currency,false
MeansAssesments,LAND,LAND_INPUT_B_5WP2_25A,boolean,true
MeansAssesments,LAND,LAND_INFER_B_5WP2_53A,boolean,false
MeansAssesments,LAND,LAND_INPUT_T_5WP2_6A,text,true
MeansAssesments,LAND,LAND_INPUT_B_5WP2_20A,boolean,true
MeansAssesments,LAND,LAND_INFER_C_21WP2_5A,currency,false
MeansAssesments,LAND,LAND_INPUT_T_5WP2_8A,text,true
MeansAssesments,LAND,LAND_INPUT_B_5WP2_22A,boolean,true
MeansAssesments,LAND,LAND_INFER_C_21WP2_3A,currency,false
MeansAssesments,LAND,LAND_INPUT_B_5WP2_24A,boolean,true
MeansAssesments,LAND,LAND_INPUT_B_5WP2_14A,boolean,true
MeansAssesments,LAND,LAND_INPUT_B_5WP2_26A,boolean,true
MeansAssesments,TIMESHARE,TIMESHARE_INFER_B_6WP2_20A,boolean,false
MeansAssesments,TIMESHARE,TIMESHARE_INPUT_N_6WP2_18A,boolean,true
MeansAssesments,TIMESHARE,TIMESHARE_INPUT_N_6WP2_19A,boolean,true
MeansAssesments,TIMESHARE,TIMESHARE_INPUT_N_6WP2_16A,boolean,true
MeansAssesments,TIMESHARE,TIMESHARE_INFER_B_6WP2_21A,boolean,false
MeansAssesments,TIMESHARE,TIMESHARE_INPUT_N_6WP2_17A,boolean,true
MeansAssesments,TIMESHARE,TIMESHARE_INPUT_N_6WP2_14A,number,true
MeansAssesments,TIMESHARE,TIMESHARE_INPUT_C_6WP2_13A,currency,true
MeansAssesments,TIMESHARE,TIMESHARE_INPUT_C_6WP2_11A,currency,true
MeansAssesments,TIMESHARE,TIMESHARE_INPUT_C_6WP2_12A,currency,true
MeansAssesments,TIMESHARE,TIMESHARE_INPUT_T_6WP2_8A,text,true
MeansAssesments,TIMESHARE,TIMESHARE_INPUT_T_6WP2_7A,text,true
MeansAssesments,TIMESHARE,TIMESHARE_INPUT_T_6WP2_6A,text,true
MeansAssesments,TIMESHARE,TIMESHARE_INPUT_T_6WP2_5A,text,true
MeansAssesments,TIMESHARE,TIMESHARE_INPUT_T_6WP2_10A,text,true
MeansAssesments,TIMESHARE,TIMESHARE_INPUT_T_6WP2_9A,text,true
MeansAssesments,TIMESHARE,TIMESHARE_INPUT_B_6WP2_22A,boolean,true
MeansAssesments,global,GB_INPUT_T_8WP3_305A,text,true
MeansAssesments,global,GB_INPUT_B_3WP2_27A,boolean,true
MeansAssesments,global,GB_DECL_T_38WP3_12A,text,false
MeansAssesments,global,OUT_GB_INFER_C_34WP3_1A,currency,false
MeansAssesments,global,OUT_GB_INFER_C_34WP2_103A,currency,false
MeansAssesments,global,GB_DECL_T_38WP3_116A,text,false
MeansAssesments,global,GB_INPUT_B_9WP3_355A,boolean,true
MeansAssesments,global,GB_INPUT_B_14WP2_8A,boolean,true
MeansAssesments,global,OUT_CAP_CONT,currency,false
MeansAssesments,global,GB_INPUT_B_39WP3_49A,boolean,true
MeansAssesments,global,OUT_GB_INFER_C_19WP2_104A,currency,false
MeansAssesments,global,GB_PROC_B_41WP3_11A,boolean,false
MeansAssesments,global,GB_INPUT_B_6WP3_236A,boolean,true
MeansAssesments,global,GB_ROUT_B_43WP3_13A,boolean,false
MeansAssesments,global,GB_PROC_B_40WP3_17A,boolean,false
MeansAssesments,global,GB_INPUT_C_8WP3_303A,currency,true
MeansAssesments,global,GB_PROC_B_40WP3_29A,boolean,false
MeansAssesments,global,GB_DECL_T_38WP3_13A,text,false
MeansAssesments,global,GB_INFER_B_1WP3_419A,boolean,false
MeansAssesments,global,GB_INPUT_B_9WP3_354A,boolean,true
MeansAssesments,global,GB_INPUT_B_14WP2_7A,boolean,true
MeansAssesments,global,GB_INPUT_B_39WP3_48A,boolean,true
MeansAssesments,global,GB_INPUT_B_3WP2_1A,boolean,true
MeansAssesments,global,GB_INPUT_B_40WP3_71A,boolean,true
MeansAssesments,global,OUT_GB_INFER_C_20WP2_101A,currency,false
MeansAssesments,global,OUT_GB_INFER_C_37WP2_103A,currency,false
MeansAssesments,global,OUT_GB_INFER_C_19WP2_105A,currency,false
MeansAssesments,global,GB_PROC_B_41WP3_10A,boolean,false
MeansAssesments,global,GB_INPUT_B_6WP3_235A,boolean,true
MeansAssesments,global,OUT_GB_INFER_C_31WP2_103A,currency,false
MeansAssesments,global,GB_INPUT_B_1WP3_170A,boolean,true
MeansAssesments,global,OUT_GB_INFER_C_26WP3_218A,currency,false
MeansAssesments,global,OUT_GB_INFER_C_34WP3_3A,currency,false
MeansAssesments,global,GB_INPUT_B_3WP2_17A,boolean,true
MeansAssesments,global,APP_AMEND_TYPE,text,true
MeansAssesments,global,GB_DECL_T_38WP3_14A,text,false
MeansAssesments,global,CATEGORY_OF_LAW,text,true
MeansAssesments,global,HIGH_PROFILE,boolean,true
MeansAssesments,global,GB_INPUT_D_2WP3_2A,date,true
MeansAssesments,global,OUT_GB_INFER_C_25WP3_167A,currency,false
MeansAssesments,global,OUT_GB_INFER_C_19WP2_106A,currency,false
MeansAssesments,global,OUT_GB_INFER_C_21WP4_1A,currency,false
MeansAssesments,global,INCOME_CONT,currency,false
MeansAssesments,global,SURNAME_AT_BIRTH,text,true
MeansAssesments,global,LAR_PROC_B_40WP3_29A,boolean,false
MeansAssesments,global,GB_INPUT_B_6WP3_234A,boolean,true
MeansAssesments,global,GB_INPUT_B_1WP3_171A,boolean,true
MeansAssesments,global,GB_DECL_T_38WP3_15A,text,false
MeansAssesments,global,GB_PROC_B_40WP3_15A,boolean,false
MeansAssesments,global,OUT_GB_INFER_C_26WP3_217A,currency,false
MeansAssesments,global,GB_PROC_B_40WP3_39A,boolean,false
MeansAssesments,global,GB_PROC_B_40WP3_27A,boolean,false
MeansAssesments,global,GB_INPUT_B_40WP3_73A,boolean,true
MeansAssesments,global,GB_INPUT_B_3WP2_16A,boolean,true
MeansAssesments,global,LAR_INPUT_T_1WP2_8A,text,true
MeansAssesments,global,GB_INPUT_B_9WP3_356A,boolean,true
MeansAssesments,global,GB_INPUT_B_6WP3_233A,boolean,true
MeansAssesments,global,CLIENT_PRISONER,boolean,false
MeansAssesments,global,GB_INPUT_B_8WP2_1A,boolean,true
MeansAssesments,global,GB_PROC_B_41WP3_20A,boolean,false
MeansAssesments,global,GB_INPUT_B_1WP3_390A,boolean,true
MeansAssesments,global,GB_INPUT_B_1WP3_172A,boolean,true
MeansAssesments,global,GB_INPUT_B_38WP3_3SCREEN,boolean,true
MeansAssesments,global,GB_INPUT_B_3WP2_19A,boolean,true
MeansAssesments,global,POA_OR_BILL_FLAG,text,true
MeansAssesments,global,GB_INPUT_B_40WP3_74A,boolean,true
MeansAssesments,global,GB_PROC_B_1WP4_99A,boolean,false
MeansAssesments,global,GB_DECL_T_38WP3_20A,text,false
MeansAssesments,global,GB_INPUT_B_16WP2_7A,boolean,true
MeansAssesments,global,GB_INPUT_T_2WP3_1A,text,true
MeansAssesments,global,GB_DECL_T_38WP3_1A,text,false
MeansAssesments,global,GB_PROC_B_39WP3_41A,boolean,false
MeansAssesments,global,OUT_GB_INFER_C_22WP3_155A,currency,false
MeansAssesments,global,COUNTRY,text,true
MeansAssesments,global,GB_PROC_B_41WP3_15A,boolean,false
MeansAssesments,global,LAR_RFLAG_B_37WP2_41A,boolean,false
MeansAssesments,global,GB_INPUT_B_18WP2_2A,boolean,true
MeansAssesments,global,GB_INPUT_B_1WP3_391A,boolean,true
MeansAssesments,global,GB_INPUT_B_6WP3_239A,boolean,true
MeansAssesments,global,OUT_GB_INFER_C_31WP2_100A,currency,false
MeansAssesments,global,GB_INPUT_B_41WP3_29A,boolean,true
MeansAssesments,global,GB_INPUT_B_3WP2_18A,boolean,true
MeansAssesments,global,GB_INPUT_B_39WP3_43A,boolean,true
MeansAssesments,global,OUT_GB_INFER_C_34WP3_4A,currency,false
MeansAssesments,global,GB_DECL_T_38WP3_21A,text,false
MeansAssesments,global,GB_DECL_T_38WP3_2A,text,false
MeansAssesments,global,GB_INPUT_B_39WP3_68A,boolean,true
MeansAssesments,global,GB_INPUT_B_39WP3_56A,boolean,true
MeansAssesments,global,GB_PROC_B_41WP3_14A,boolean,false
MeansAssesments,global,GB_PROC_B_39WP3_40A,boolean,false
MeansAssesments,global,OUT_GB_INFER_C_19WP2_101A,currency,false
MeansAssesments,global,GB_INPUT_B_6WP3_238A,boolean,true
MeansAssesments,global,OUT_GB_INFER_C_21WP3_162A,currency,false
MeansAssesments,global,GB_INPUT_B_1WP3_174A,boolean,true
MeansAssesments,global,GB_INFER_B_26WP3_214A,boolean,false
MeansAssesments,global,GB_INPUT_B_40WP3_64A,boolean,true
MeansAssesments,global,GB_INPUT_B_1WP1_2A,boolean,true
MeansAssesments,global,GB_INPUT_B_9WP3_349A,boolean,true
MeansAssesments,global,GB_DECL_T_38WP3_10A,text,false
MeansAssesments,global,GB_DECL_T_38WP3_3A,text,false
MeansAssesments,global,GB_INPUT_B_39WP3_47A,boolean,true
MeansAssesments,global,GB_PROC_B_39WP3_31A,boolean,false
MeansAssesments,global,OUT_GB_INFER_C_20WP2_104A,currency,false
MeansAssesments,global,OUT_GB_INFER_C_37WP2_100A,currency,false
MeansAssesments,global,APPLICATION_FROM_APPLY,boolean,true
MeansAssesments,global,DEVOLVED_POWERS_CONTRACT_FLAG,text,true
MeansAssesments,global,GB_PROC_B_41WP3_13A,boolean,false
MeansAssesments,global,OUT_GB_INFER_C_19WP2_102A,currency,false
MeansAssesments,global,SURNAME,text,true
MeansAssesments,global,GB_INPUT_B_18WP2_4A,boolean,true
MeansAssesments,global,GB_INPUT_B_1WP3_175A,boolean,false
MeansAssesments,global,OUT_GB_INFER_C_34WP2_100A,currency,false
MeansAssesments,global,GB_DECL_T_38WP3_11A,text,false
MeansAssesments,global,GB_PROC_B_40WP3_19A,boolean,false
MeansAssesments,global,OUT_GB_INFER_C_34WP3_6A,currency,false
MeansAssesments,global,GB_INPUT_B_40WP3_65A,boolean,true
MeansAssesments,global,GB_PROC_B_40WP3_9A,boolean,false
MeansAssesments,global,GB_PROC_B_39WP3_30A,boolean,false
MeansAssesments,global,GB_PROC_B_39WP3_42A,boolean,false
MeansAssesments,global,GB_DECL_T_38WP3_4A,text,false
MeansAssesments,global,OUT_GB_INFER_C_19WP2_103A,currency,false
MeansAssesments,global,GB_PROC_B_41WP3_12A,boolean,false
MeansAssesments,global,GB_INPUT_B_6WP3_237A,boolean,true
MeansAssesments,global,CLIENT_NASS,boolean,false
MeansAssesments,global,GB_PROC_B_40WP3_10A,boolean,false
MeansAssesments,global,GB_PROC_B_40WP3_46A,boolean,false
MeansAssesments,global,OUT_GB_INFER_C_24WP2_102A,currency,false
MeansAssesments,global,GB_PROC_B_40WP3_58A,boolean,false
MeansAssesments,global,OUT_GB_INPUT_C_20WP3_373A,currency,false
MeansAssesments,global,REQ_COST_LIMITATION,currency,true
MeansAssesments,global,PUI_CLIENT_CAP_CONT,currency,false
MeansAssesments,global,OUT_GB_INFER_C_27WP3_218A,currency,false
MeansAssesments,global,GB_INPUT_B_3WP2_8A,boolean,true
MeansAssesments,global,OUT_GB_INFER_C_28WP4_3A,currency,false
MeansAssesments,global,GB_INFER_C_28WP4_20A,currency,false
MeansAssesments,global,GB_PROC_B_41WP3_6A,boolean,false
MeansAssesments,global,GB_INPUT_C_11WP3_365A,currency,true
MeansAssesments,global,GB_PROC_B_39WP3_21A,boolean,false
MeansAssesments,global,OUT_GB_INFER_C_36WP2_100A,currency,false
MeansAssesments,global,GB_PROC_B_39WP3_33A,boolean,false
MeansAssesments,global,OUT_GB_INFER_C_30WP4_2A,currency,false
MeansAssesments,global,POST_CODE,text,true
MeansAssesments,global,OUT_GB_INFER_C_31WP3_2A,currency,false
MeansAssesments,global,GB_INPUT_C_6WP3_318A,currency,true
MeansAssesments,global,GB_INPUT_B_13WP3_15A,boolean,false
MeansAssesments,global,OUT_GB_INFER_C_30WP2_103A,currency,false
MeansAssesments,global,GB_PROC_B_40WP3_33A,boolean,false
MeansAssesments,global,OUT_GB_INFER_C_29WP4_1A,currency,false
MeansAssesments,global,GB_PROC_B_40WP3_21A,boolean,false
MeansAssesments,global,GB_INPUT_B_41WP3_25A,boolean,true
MeansAssesments,global,GB_PROC_B_40WP3_57A,boolean,false
MeansAssesments,global,GB_PROC_B_40WP3_45A,boolean,false
MeansAssesments,global,OUT_GB_INPUT_C_20WP3_372A,currency,false
MeansAssesments,global,GB_INPUT_B_17WP2_7A,boolean,true
MeansAssesments,global,GB_INPUT_B_17WP2_8A,boolean,true
MeansAssesments,global,GB_INPUT_T_6WP3_330A,text,true
MeansAssesments,global,OUT_GB_INFER_C_28WP4_2A,currency,false
MeansAssesments,global,GB_PROC_B_39WP3_32A,boolean,false
MeansAssesments,global,GB_INPUT_B_5WP1_18A,boolean,true
MeansAssesments,global,OUT_GB_INFER_C_30WP4_1A,currency,false
MeansAssesments,global,GB_PROC_B_41WP3_5A,boolean,false
MeansAssesments,global,GB_PROC_B_39WP3_20A,boolean,false
MeansAssesments,global,GB_INPUT_B_1WP3_400A,boolean,false
MeansAssesments,global,GB_INPUT_B_18WP2_6A,boolean,true
MeansAssesments,global,GB_INPUT_C_6WP3_319A,currency,true
MeansAssesments,global,OUT_GB_INFER_C_15WP3_143A,currency,false
MeansAssesments,global,GB_PROC_B_40WP3_44A,boolean,false
MeansAssesments,global,GB_INFER_C_28WP4_10A,currency,false
MeansAssesments,global,GB_PROC_B_40WP3_56A,boolean,false
MeansAssesments,global,OUT_GB_INFER_C_29WP3_1A,currency,false
MeansAssesments,global,OUT_GB_INPUT_C_20WP3_375A,currency,false
MeansAssesments,global,OUT_GB_INFER_C_27WP3_216A,currency,false
MeansAssesments,global,OUT_GB_INFER_C_24WP2_100A,currency,false
MeansAssesments,global,GB_PROC_B_41WP3_4A,boolean,false
MeansAssesments,global,GB_PROC_B_39WP3_47A,boolean,false
MeansAssesments,global,GB_PROC_B_39WP3_23A,boolean,false
MeansAssesments,global,GB_PROC_B_39WP3_35A,boolean,false
MeansAssesments,global,OUT_GB_INFER_C_31WP3_4A,currency,false
MeansAssesments,global,GB_DECL_B_38WP3_13A,boolean,true
MeansAssesments,global,GB_INPUT_B_1WP3_401A,boolean,false
MeansAssesments,global,GB_INPUT_B_13WP3_37A,boolean,false
MeansAssesments,global,OUT_GB_INFER_C_15WP3_134A,currency,false
MeansAssesments,global,GB_PROC_B_40WP3_31A,boolean,false
MeansAssesments,global,GB_PROC_B_40WP3_55A,boolean,false
MeansAssesments,global,GB_PROC_B_40WP3_43A,boolean,false
MeansAssesments,global,OUT_GB_INPUT_C_20WP3_374A,currency,false
MeansAssesments,global,GB_INPUT_B_2WP4_2A,boolean,true
MeansAssesments,global,GB_INFER_B_1WP1_1A,boolean,false
MeansAssesments,global,GB_INPUT_B_41WP3_23A,boolean,true
MeansAssesments,global,OUT_GB_INFER_C_14WP4_3A,currency,false
MeansAssesments,global,GB_PROC_B_41WP3_3A,boolean,false
MeansAssesments,global,GB_PROC_B_39WP3_22A,boolean,false
MeansAssesments,global,GB_RFLAG_B_8WP3_01A,boolean,false
MeansAssesments,global,GB_PROC_B_39WP3_34A,boolean,false
MeansAssesments,global,GB_PROC_B_39WP3_46A,boolean,false
MeansAssesments,global,GB_INPUT_C_3WP2_5A,currency,true
MeansAssesments,global,OUT_GB_INFER_C_15WP3_133A,currency,false
MeansAssesments,global,GB_INPUT_B_13WP3_14A,boolean,false
MeansAssesments,global,GB_PROC_B_40WP3_42A,boolean,false
MeansAssesments,global,GB_INPUT_B_9WP3_351A,boolean,true
MeansAssesments,global,OUT_GB_INFER_C_25WP2_108A,currency,false
MeansAssesments,global,GB_PROC_B_40WP3_4A,boolean,false
MeansAssesments,global,OUT_GB_INPUT_C_20WP3_377A,currency,false
MeansAssesments,global,GB_INPUT_B_1WP2_22A,boolean,true
MeansAssesments,global,OUT_GB_INFER_C_30WP3_1A,currency,false
MeansAssesments,global,GB_PROC_B_41WP3_2A,boolean,false
MeansAssesments,global,GB_INPUT_B_1WP4_3B,boolean,true
MeansAssesments,global,GB_PROC_B_39WP3_25A,boolean,false
MeansAssesments,global,GB_PROC_B_39WP3_37A,boolean,false
MeansAssesments,global,PUI_CLIENT_ELIGIBILITY,text,false
MeansAssesments,global,GB_INPUT_B_7WP2_1A,boolean,true
MeansAssesments,global,GB_INPUT_B_4WP2_1A,boolean,true
MeansAssesments,global,GB_INPUT_B_40WP3_59A,boolean,true
MeansAssesments,global,GB_INPUT_B_9WP3_350A,boolean,true
MeansAssesments,global,GB_INPUT_C_3WP2_7A,currency,true
MeansAssesments,global,GB_PROC_B_40WP3_13A,boolean,false
MeansAssesments,global,OUT_GB_INFER_C_33WP3_1A,currency,false
MeansAssesments,global,GB_INPUT_B_13WP3_49A,text,true
MeansAssesments,global,GB_PROC_B_40WP3_25A,boolean,false
MeansAssesments,global,GB_PROC_B_40WP3_49A,boolean,false
MeansAssesments,global,OUT_GB_INPUT_C_20WP3_376A,currency,false
MeansAssesments,global,GB_PROC_B_40WP3_3A,boolean,false
MeansAssesments,global,OUT_GB_INFER_C_15WP3_135A,currency,false
MeansAssesments,global,GB_INPUT_B_1WP4_2B,boolean,true
MeansAssesments,global,GB_PROC_B_39WP3_36A,boolean,false
MeansAssesments,global,GB_PROC_B_41WP3_1A,boolean,false
MeansAssesments,global,GB_PROC_B_39WP3_24A,boolean,false
MeansAssesments,global,OUT_GB_INFER_C_19WP2_109A,currency,false
MeansAssesments,global,OUT_GB_INFER_C_17WP4_1A,currency,false
MeansAssesments,global,GB_INPUT_B_13WP3_36A,boolean,false
MeansAssesments,global,APPLICATION_CASE_REF,text,true
MeansAssesments,global,GB_INPUT_B_9WP3_353A,boolean,true
MeansAssesments,global,GB_PROC_B_40WP3_48A,boolean,false
MeansAssesments,global,GB_INPUT_B_5WP1_3A,boolean,true
MeansAssesments,global,CLIENT_VULNERABLE,boolean,true
MeansAssesments,global,GB_PROC_B_40WP3_2A,boolean,false
MeansAssesments,global,GB_PROC_B_39WP3_39A,boolean,false
MeansAssesments,global,GB_INPUT_B_6WP2_1A,boolean,true
MeansAssesments,global,GB_INPUT_B_1WP4_1B,boolean,true
MeansAssesments,global,OUT_GB_INPUT_C_20WP3_379A,currency,false
MeansAssesments,global,GB_INPUT_B_41WP3_32A,boolean,true
MeansAssesments,global,OUT_GB_INFER_C_16WP4_3A,currency,false
MeansAssesments,global,GB_PROC_B_39WP3_15A,boolean,false
MeansAssesments,global,GB_INPUT_C_13WP3_3A,currency,true
MeansAssesments,global,DELEGATED_FUNCTIONS_DATE,date,true
MeansAssesments,global,OUT_GB_INFER_C_32WP3_1A,currency,false
MeansAssesments,global,OUT_GB_INFER_C_36WP2_102A,currency,false
MeansAssesments,global,GB_INPUT_B_5WP2_1A,boolean,true
MeansAssesments,global,GB_PROC_B_40WP3_35A,boolean,false
MeansAssesments,global,GB_INPUT_B_9WP3_352A,boolean,true
MeansAssesments,global,GB_PROC_B_40WP3_23A,boolean,false
MeansAssesments,global,GB_PROC_B_40WP3_47A,boolean,false
MeansAssesments,global,GB_PROC_B_40WP3_1A,boolean,false
MeansAssesments,global,OUT_GB_INPUT_C_20WP3_378A,currency,false
MeansAssesments,global,GB_PROC_B_39WP3_38A,boolean,false
MeansAssesments,global,OUT_GB_INFER_C_24WP4_1A,currency,false
MeansAssesments,global,PUI_CLIENT_INCOME_CONT,currency,false
MeansAssesments,global,OUT_GB_PROC_C_34WP3_12A,currency,false
MeansAssesments,global,OUT_GB_INFER_C_16WP4_4A,currency,false
MeansAssesments,global,MEANS_TASK_AUTO_GEN,boolean,false
MeansAssesments,global,OUT_GB_INFER_C_30WP3_2A,currency,false
MeansAssesments,global,GB_PROC_B_39WP3_14A,boolean,false
MeansAssesments,global,GB_INPUT_C_13WP3_4A,currency,true
MeansAssesments,global,MEANS_SUBMISSION_PG_DISPLAYED,boolean,true
MeansAssesments,global,OUT_GB_INFER_C_31WP3_1A,currency,false
MeansAssesments,global,GB_INPUT_B_11WP3_367A,boolean,true
MeansAssesments,global,OUT_GB_INFER_C_30WP2_100A,currency,false
MeansAssesments,global,GB_INPUT_T_6WP3_325A,text,true
MeansAssesments,global,GB_INFER_B_3WP2_403A,boolean,false
MeansAssesments,global,GB_PROC_B_39WP3_29A,boolean,false
MeansAssesments,global,OUT_GB_INFER_C_19WP3_144A,currency,false
MeansAssesments,global,GB_PROC_B_39WP3_17A,boolean,false
MeansAssesments,global,APPLY_CASE_MEANS_REVIEW,boolean,true
MeansAssesments,global,GB_INPUT_B_1WP2_27A,boolean,true
MeansAssesments,global,GB_INFER_C_31WP3_13A,currency,false
MeansAssesments,global,GB_INPUT_T_6WP3_229A,text,true
MeansAssesments,global,OUT_GB_INFER_C_28WP2_103A,currency,false
MeansAssesments,global,GB_INPUT_T_6WP3_326A,text,true
MeansAssesments,global,RB_VERSION_DATE_MEANS,date,false
MeansAssesments,global,GB_INPUT_C_6WP3_323A,currency,true
MeansAssesments,global,OUT_GB_INFER_C_26WP3_186A,currency,false
MeansAssesments,global,MEANS_REQD,boolean,false
MeansAssesments,global,GB_PROC_B_39WP3_16A,boolean,false
MeansAssesments,global,OUT_GB_INFER_C_25WP2_103A,currency,false
MeansAssesments,global,GB_INPUT_N_3WP2_14A,number,true
MeansAssesments,global,GB_INPUT_B_1WP2_14A,boolean,true
MeansAssesments,global,GB_INPUT_B_5WP1_22A,boolean,true
MeansAssesments,global,GB_INPUT_B_39WP3_70B,boolean,true
MeansAssesments,global,OUT_GB_INFER_C_18WP3_407A,currency,false
MeansAssesments,global,OUT_GB_INFER_C_40WP2_102A,currency,false
MeansAssesments,global,GB_PROC_B_39WP3_19A,boolean,false
MeansAssesments,global,GB_INPUT_B_41WP3_40A,boolean,true
MeansAssesments,global,MEANS_ROUTING,text,false
MeansAssesments,global,GB_PROC_B_39WP3_1A,boolean,false
MeansAssesments,global,GB_INPUT_B_2WP2_1A,boolean,true
MeansAssesments,global,GB_INPUT_B_9WP2_1A,boolean,true
MeansAssesments,global,OUT_GB_INFER_C_35WP2_100A,currency,false
MeansAssesments,global,GB_INPUT_B_8WP3_310A,boolean,true
MeansAssesments,global,OUT_GB_INFER_C_40WP2_101A,currency,false
MeansAssesments,global,GB_PROC_B_39WP3_18A,boolean,false
MeansAssesments,global,GB_INPUT_B_10WP2_1A,boolean,true
MeansAssesments,global,BEN_AWARD_DATE,date,false
MeansAssesments,global,GB_INPUT_B_1WP2_36A,boolean,true
MeansAssesments,global,GB_INPUT_D_18WP2_1A,date,true
MeansAssesments,global,LAR_INFER_B_1WP1_36A,boolean,false
MeansAssesments,global,GB_INPUT_B_34WP3_32A,boolean,false
MeansAssesments,global,GB_PROC_B_40WP3_54A,boolean,false
MeansAssesments,global,OUT_GB_INFER_C_25WP2_100A,currency,false
MeansAssesments,global,DEFAULT_COST_LIMITATION,currency,true
MeansAssesments,global,OUT_GB_INFER_C_31WP3_6A,currency,false
MeansAssesments,global,GB_INPUT_B_1WP2_19A,boolean,true
MeansAssesments,global,GB_DECL_B_38WP3_11A,boolean,false
MeansAssesments,global,OUT_GB_INFER_C_15WP3_140A,currency,false
MeansAssesments,global,NEW_APPL_OR_AMENDMENT,text,true
MeansAssesments,global,GB_INPUT_B_9WP2_3A,boolean,true
MeansAssesments,global,GB_INPUT_B_13WP2_7A,boolean,true
MeansAssesments,global,OUT_GB_INFER_C_23WP3_161A,currency,false
MeansAssesments,global,GB_PROC_B_40WP3_53A,boolean,false
MeansAssesments,global,GB_PROC_B_40WP3_41A,boolean,false
MeansAssesments,global,GB_INPUT_N_3WP2_4A,number,true
MeansAssesments,global,OUT_GB_INFER_C_32WP2_102A,currency,false
MeansAssesments,global,NI_NO,text,true
MeansAssesments,global,MEANS_REPORT_BACKLOG_TAG,text,false
MeansAssesments,global,OUT_GB_INFER_C_26WP3_182A,currency,false
MeansAssesments,global,OUT_GB_INFER_C_26WP3_194A,currency,false
MeansAssesments,global,GB_PROC_B_39WP3_2A,boolean,false
MeansAssesments,global,GB_PROC_B_41WP3_9A,boolean,false
MeansAssesments,global,GB_INPUT_B_9WP2_2A,boolean,true
MeansAssesments,global,OUT_GB_INFER_C_35WP2_103A,currency,false
MeansAssesments,global,LAR_SCOPE_FLAG,boolean,true
MeansAssesments,global,OUT_GB_INFER_C_23WP3_160A,currency,false
MeansAssesments,global,GB_INPUT_B_13WP3_5A,boolean,true
MeansAssesments,global,OUT_GB_INFER_C_28WP2_100A,currency,false
MeansAssesments,global,GB_PROC_B_40WP3_40A,boolean,false
MeansAssesments,global,GB_PROC_B_40WP3_52A,boolean,false
MeansAssesments,global,OUT_GB_INPUT_C_20WP3_371A,currency,false
MeansAssesments,global,OUT_GB_INFER_C_26WP3_197A,currency,false
MeansAssesments,global,GB_PROC_B_41WP3_8A,boolean,false
MeansAssesments,global,GB_INPUT_T_3WP2_3A,text,true
MeansAssesments,global,GB_INPUT_B_1WP2_17A,boolean,true
MeansAssesments,global,GB_INPUT_B_9WP2_5A,boolean,true
MeansAssesments,global,GB_INPUT_B_21WP3_389A,boolean,true
MeansAssesments,global,GB_PROC_B_40WP3_51A,boolean,false
MeansAssesments,global,OUT_GB_INFER_C_15WP3_142A,currency,false
MeansAssesments,global,RB_VERSION_NUMBER_MEANS,text,false
MeansAssesments,global,GB_RFLAG_B_2WP3_01A,boolean,false
MeansAssesments,global,OUT_GB_INFER_C_31WP3_9A,currency,false
MeansAssesments,global,GB_INFER_B_3WP2_404A,boolean,false
MeansAssesments,global,GB_INPUT_B_38WP3_2SCREEN,boolean,true
MeansAssesments,global,GB_PROC_B_41WP3_7A,boolean,false
MeansAssesments,global,GB_INPUT_B_13WP3_7A,boolean,false
MeansAssesments,global,COST_LIMIT_CHANGED_FLAG,text,true
MeansAssesments,global,GB_INPUT_B_15WP2_8A,boolean,true
MeansAssesments,global,OUT_GB_INFER_C_15WP3_141A,currency,false
MeansAssesments,global,GB_INPUT_B_9WP2_4A,boolean,true
MeansAssesments,global,GB_PROC_B_40WP3_50A,boolean,false
MeansAssesments,global,MEANS_EVIDENCE_PROVIDED,boolean,true
MeansAssesments,global,GB_INPUT_C_6WP3_228A,currency,true
MeansAssesments,global,OUT_GB_INFER_C_18WP3_219A,currency,false
MeansAssesments,global,LAR_PROC_B_39WP3_53A,boolean,false
MeansAssesments,global,GB_PROC_B_39WP3_7A,boolean,false
MeansAssesments,global,GB_INPUT_B_12WP3_3A,boolean,true
MeansAssesments,global,GB_INPUT_B_39WP3_64A,boolean,true
MeansAssesments,global,GB_INPUT_B_39WP3_52A,boolean,true
MeansAssesments,global,OUT_GB_INFER_C_34WP3_9A,currency,false
MeansAssesments,global,LAR_PROC_B_40WP3_31A,boolean,false
MeansAssesments,global,GB_INPUT_B_6WP3_240A,boolean,true
MeansAssesments,global,GB_DECL_T_38WP3_5A,text,false
MeansAssesments,global,OUT_GB_INFER_C_21WP2_104A,currency,false
MeansAssesments,global,SA_SCREEN10_1WP1_NONMEANS,boolean,false
MeansAssesments,global,LAR_PROC_B_39WP3_54A,boolean,false
MeansAssesments,global,GB_INPUT_B_1WP3_165A,boolean,false
MeansAssesments,global,OUT_GB_INFER_C_26WP2_105A,currency,false
MeansAssesments,global,OUT_GB_INFER_C_33WP2_100A,currency,false
MeansAssesments,global,GB_INPUT_B_39WP3_63A,boolean,true
MeansAssesments,global,OUT_GB_INFER_C_31WP3_14A,currency,false
MeansAssesments,global,LAR_PROC_B_40WP3_30A,boolean,false
MeansAssesments,global,GB_DECL_T_38WP3_6A,text,false
MeansAssesments,global,USER_TYPE,text,true
MeansAssesments,global,GB_PROC_B_41WP3_18A,boolean,false
MeansAssesments,global,GB_INPUT_B_8WP3_308A,boolean,true
MeansAssesments,global,OUT_GB_INFER_C_22WP3_150A,currency,false
MeansAssesments,global,GB_INPUT_B_13WP3_1A,boolean,false
MeansAssesments,global,USER_PROVIDER_FIRM_ID,number,true
MeansAssesments,global,GB_INPUT_B_1WP3_166A,boolean,true
MeansAssesments,global,OUT_GB_INFER_C_38WP2_102A,currency,false
MeansAssesments,global,GB_INPUT_B_39WP3_66A,boolean,true
MeansAssesments,global,GB_INPUT_B_3WP2_20A,boolean,true
MeansAssesments,global,OUT_GB_INFER_C_23WP3_159A,currency,false
MeansAssesments,global,CLIENT_ELIGIBILITY,text,false
MeansAssesments,global,GB_DECL_T_38WP3_7A,text,false
MeansAssesments,global,GB_PROC_B_41WP3_17A,boolean,false
MeansAssesments,global,DATE_ASSESSMENT_STARTED,date,true
MeansAssesments,global,GB_INPUT_B_13WP3_2A,boolean,false
MeansAssesments,global,GB_PROC_B_39WP3_8A,boolean,false
MeansAssesments,global,OUT_GB_INFER_C_38WP2_103A,currency,false
MeansAssesments,global,GB_DECL_T_38WP3_8A,text,false
MeansAssesments,global,GB_INPUT_B_39WP3_65A,boolean,true
MeansAssesments,global,OUT_GB_INFER_C_23WP3_158A,currency,false
MeansAssesments,global,LAR_PROC_B_40WP3_32A,boolean,false
MeansAssesments,global,OUT_GB_INFER_C_27WP2_100A,currency,false
MeansAssesments,global,GB_PROC_B_41WP3_16A,boolean,false
MeansAssesments,global,GB_INPUT_B_1WP3_167A,boolean,true
MeansAssesments,global,OUT_GB_INFER_C_34WP3_408A,currency,false
MeansAssesments,global,GB_INPUT_B_12WP2_2A,boolean,true
MeansAssesments,global,OUT_GB_INFER_C_14WP4_19A,currency,false
MeansAssesments,global,GB_DECL_T_38WP3_16A,text,false
MeansAssesments,global,OUT_GB_INFER_C_18WP3_227A,currency,false
MeansAssesments,global,OUT_GB_INFER_C_38WP2_100A,currency,false
MeansAssesments,global,GB_INPUT_B_39WP3_60A,boolean,true
MeansAssesments,global,GB_DECL_T_38WP3_9A,text,false
MeansAssesments,global,OUT_GB_INFER_C_31WP3_11A,currency,false
MeansAssesments,global,GB_INPUT_B_14WP3_1A,boolean,true
MeansAssesments,global,GB_INPUT_B_6WP3_232A,boolean,true
MeansAssesments,global,OUT_GB_INFER_C_26WP3_219A,currency,false
MeansAssesments,global,OUT_GB_INFER_C_18WP3_226A,currency,false
MeansAssesments,global,MEANS_EVIDENCE_REQD,boolean,false
MeansAssesments,global,GB_DECL_T_38WP3_17A,text,false
MeansAssesments,global,GB_INPUT_B_3WP2_10A,boolean,true
MeansAssesments,global,OUT_GB_INFER_C_31WP3_10A,currency,false
MeansAssesments,global,GB_INPUT_B_1WP3_169A,boolean,true
MeansAssesments,global,GB_INPUT_B_12WP3_1A,boolean,true
MeansAssesments,global,OUT_GB_INFER_C_26WP2_100A,currency,false
MeansAssesments,global,GB_DECL_T_38WP3_18A,text,false
MeansAssesments,global,GB_INPUT_N_6WP3_231A,number,true
MeansAssesments,global,OUT_GB_INFER_C_33WP2_103A,currency,false
MeansAssesments,global,GB_INPUT_B_39WP3_50A,boolean,true
MeansAssesments,global,GB_INPUT_B_3WP2_25A,boolean,true
MeansAssesments,global,MEANS_OPA_RELEASE,text,false
MeansAssesments,global,GB_INPUT_B_11WP2_3A,boolean,true
MeansAssesments,global,FIRST_NAME,text,true
MeansAssesments,global,GB_INPUT_B_6WP3_254A,boolean,true
MeansAssesments,global,OUT_GB_INFER_C_27WP2_103A,currency,false
MeansAssesments,global,DATE_OF_BIRTH,date,true
MeansAssesments,global,CAP_CONT,currency,false
MeansAssesments,global,GB_DECL_T_38WP3_19A,text,false
MeansAssesments,global,GB_RFLAG_B_14WP2_20A,boolean,false
MeansAssesments,global,GB_RFLAG_B_6WP3_01A,boolean,false
MeansAssesments,global,OUT_INCOME_CONT,currency,false
MeansAssesments,global,MARITIAL_STATUS,text,true
MeansAssesments,global,OUT_GB_INFER_C_31WP3_12A,currency,false
MeansAssesments,global,GB_INPUT_B_2WP3_214A,boolean,true
MeansAssesments,global,GB_INPUT_B_6WP3_241A,boolean,true
MeansAssesments,global,OUT_GB_INFER_C_21WP2_101A,currency,false
MeansAssesments,OTHERSAVING,OTHERSAVING_INPUT_T_10WP2_3A,text,true
MeansAssesments,OTHERSAVING,OTHERSAVING_INPUT_B_10WP2_14A,boolean,true
MeansAssesments,OTHERSAVING,OTHERSAVING_INPUT_B_10WP2_16A,boolean,true
MeansAssesments,OTHERSAVING,OTHERSAVING_INPUT_B_10WP2_15A,boolean,true
MeansAssesments,OTHERSAVING,OTHERSAVING_INPUT_B_10WP2_17A,boolean,true
MeansAssesments,OTHERSAVING,OTHERSAVING_INPUT_T_10WP2_5A,text,true
MeansAssesments,OTHERSAVING,OTHERSAVING_INPUT_T_10WP2_4A,text,true
MeansAssesments,OTHERSAVING,OTHERSAVING_INPUT_T_10WP2_18A,text,true
MeansAssesments,OTHERSAVING,OTHERSAVING_INPUT_C_10WP2_11A,currency,true
MeansAssesments,CAR_USED,CARUSED_INPUT_B_14WP2_18A,text,true
MeansAssesments,CAR_USED,CARUSED_INPUT_B_14WP2_16A,text,true
MeansAssesments,ADDPROPERTY,ADDPROPERTY_INFER_C_20WP2_5A,currency,false
MeansAssesments,ADDPROPERTY,ADDPROPERTY_INPUT_T_4WP2_10A,text,true
MeansAssesments,ADDPROPERTY,GB_INPUT_B_3WP2_29A,boolean,true
MeansAssesments,ADDPROPERTY,ADDPROPERTY_INPUT_B_4WP2_32A,boolean,true
MeansAssesments,ADDPROPERTY,ADDPROPERTY_INPUT_N_4WP2_12A,number,true
MeansAssesments,ADDPROPERTY,ADDPROPERTY_INPUT_T_4WP2_9A,text,true
MeansAssesments,ADDPROPERTY,ADDPROPERTY_INPUT_C_4WP2_14A,currency,true
MeansAssesments,ADDPROPERTY,ADDPROPERTY_INPUT_N_4WP2_22A,number,true
MeansAssesments,ADDPROPERTY,ADDPROPERTY_INPUT_B_4WP2_24A,boolean,true
MeansAssesments,ADDPROPERTY,ADDPROPERTY_INPUT_T_4WP2_7A,text,true
MeansAssesments,ADDPROPERTY,ADDPROPERTY_INFER_B_4WP2_52A,boolean,false
MeansAssesments,ADDPROPERTY,ADDPROPERTY_INFER_C_20WP2_1A,currency,false
MeansAssesments,ADDPROPERTY,ADDPROPERTY_INPUT_T_4WP2_5A,text,true
MeansAssesments,ADDPROPERTY,ADDPROPERTY_INFER_C_20WP2_3A,currency,false
MeansAssesments,ADDPROPERTY,ADDPROPERTY_INPUT_B_4WP2_25A,boolean,true
MeansAssesments,ADDPROPERTY,ADDPROPERTY_INPUT_B_4WP2_27A,boolean,true
MeansAssesments,ADDPROPERTY,GB_INFER_B_3WP2_405A,boolean,false
MeansAssesments,ADDPROPERTY,ADDPROPERTY_INPUT_T_4WP2_11A,text,true
MeansAssesments,ADDPROPERTY,ADDPROPERTY_INPUT_T_4WP2_8A,text,true
MeansAssesments,ADDPROPERTY,ADDPROPERTY_INPUT_C_4WP2_13A,currency,true
MeansAssesments,ADDPROPERTY,ADDPROPERTY_INPUT_T_4WP2_6A,text,true
MeansAssesments,ADDPROPERTY,ADDPROPERTY_INFER_C_20WP2_2A,currency,false
MeansAssesments,ADDPROPERTY,ADDPROPERTY_INPUT_B_4WP2_18A,boolean,true
MeansAssesments,ADDPROPERTY,ADDPROPERTY_INPUT_B_4WP2_26A,boolean,true
MeansAssesments,ADDPROPERTY,ADDPROPERTY_INPUT_B_4WP2_28A,boolean,true
MeansAssesments,ADDPROPERTY,ADDPROPERTY_INPUT_B_4WP2_16A,boolean,true
MeansAssesments,ADDPROPERTY,GB_INFER_B_3WP2_406A,boolean,false
MeansAssesments,ADDPROPERTY,ADDPROPERTY_INPUT_T_4WP2_15A,text,true
MeansAssesments,CLISTOCK,CLISTOCK_INPUT_C_9WP2_7A,currency,true
MeansAssesments,CLISTOCK,CLISTOCK_INPUT_B_9WP2_9A,boolean,true
MeansAssesments,CLISTOCK,CLISTOCK_INPUT_B_9WP2_10A,boolean,true
MeansAssesments,CLISTOCK,CLISTOCK_INPUT_B_9WP2_8A,boolean,true
MeansAssesments,CLISTOCK,CLISTOCK_INPUT_B_9WP2_11A,boolean,true
MeansAssesments,LIFE_ASSURANCE,LIFEASSUR_INPUT_T_13WP2_15A,text,true
MeansAssesments,LIFE_ASSURANCE,LIFEASSUR_INPUT_T_13WP2_14A,text,true
MeansAssesments,LIFE_ASSURANCE,LIFEASSUR_INPUT_T_13WP2_12A,text,true
MeansAssesments,LIFE_ASSURANCE,LIFEASSUR_INPUT_D_13WP2_13A,date,true
MeansAssesments,LIFE_ASSURANCE,LIFEASSUR_INPUT_B_13WP2_4A,boolean,true
MeansAssesments,LIFE_ASSURANCE,LIFEASSUR_INPUT_B_13WP2_1A,boolean,true
MeansAssesments,LIFE_ASSURANCE,LIFEASSUR_INPUT_B_13WP2_2A,boolean,true
MeansAssesments,LIFE_ASSURANCE,LIFEASSUR_INPUT_T_13WP2_19A,text,true
MeansAssesments,LIFE_ASSURANCE,LIFEASSUR_INPUT_C_13WP2_16A,currency,true
MeansAssesments,LIFE_ASSURANCE,LIFEASSUR_INPUT_B_13WP2_5A,boolean,true
MeansAssesments,MAINTHIRD,MAINTHIRD_INPUT_T_3WP2_12A,text,true
MeansAssesments,MAINTHIRD,MAINTHIRD_INPUT_T_3WP2_13A,text,true
MeansAssesments,MAINTHIRD,MAINTHIRD_INPUT_N_3WP2_11A,number,true
MeansAssesments,OTHER_CAPITAL,OTHCAPITAL_INPUT_T_17WP2_13A,text,true
MeansAssesments,OTHER_CAPITAL,OTHCAPITAL_INPUT_B_17WP2_1A,boolean,true
MeansAssesments,OTHER_CAPITAL,OTHCAPITAL_INPUT_B_17WP2_5A,boolean,true
MeansAssesments,OTHER_CAPITAL,OTHCAPITAL_INPUT_B_17WP2_4A,boolean,true
MeansAssesments,OTHER_CAPITAL,OTHCAPITAL_INPUT_B_17WP2_2A,boolean,true
MeansAssesments,WILL,WILL_INPUT_B_2WP2_24A,boolean,true
MeansAssesments,WILL,WILL_INPUT_B_2WP2_26A,boolean,true
MeansAssesments,WILL,WILL_INPUT_B_2WP2_27A,boolean,true
MeansAssesments,WILL,WILL_INPUT_B_2WP2_28A,boolean,true
MeansAssesments,WILL,WILL_INPUT_T_2WP2_52A,text,true
MeansAssesments,WILL,WILL_INPUT_B_2WP2_10A,boolean,true
MeansAssesments,WILL,WILL_INPUT_B_2WP2_21A,boolean,true
MeansAssesments,TRUST,TRUST_INPUT_B_16WP2_5A,boolean,true
MeansAssesments,TRUST,TRUST_INPUT_B_16WP2_4A,boolean,true
MeansAssesments,TRUST,TRUST_INPUT_B_16WP2_2A,boolean,true
MeansAssesments,TRUST,TRUST_INPUT_T_16WP2_12A,text,true
MeansAssesments,TRUST,TRUST_INPUT_B_16WP2_1A,boolean,true
MeansAssesments,TRUST,TRUST_INPUT_B_16WP2_11A,boolean,false
MeansAssesments,TRUST,TRUST_INPUT_C_16WP2_14A,currency,true
MeansAssesments,TRUST,TRUST_INPUT_B_16WP2_19A,boolean,true
MeritsAssesments,global,APP_INCLUDES_IMMIGRATION_PROCS,boolean,false
MeritsAssesments,global,PUB_AUTH_QUESTION_APPLIES,boolean,false
MeritsAssesments,global,NON_MAND_EVIDENCE_SEP_STATE,boolean,false
MeritsAssesments,global,APP_POTENTIAL_NON_MERITS,boolean,false
MeritsAssesments,global,EVIDENCE_ICACU_LETTER,boolean,false
MeritsAssesments,global,UPPER_TRIBUNAL_OTHER,boolean,false
MeritsAssesments,global,MERITS_SUBMISSION_PAGE,boolean,true
MeritsAssesments,global,DECLARATION_WILL_BE_SIGNED,boolean,true
MeritsAssesments,global,LEGAL_HELP_COSTS_TO_DATE,currency,false
MeritsAssesments,global,MERITS_EVIDENCE_PROVIDED,boolean,true
MeritsAssesments,global,COURT_ATTEND_IN_LAST_12_MONTHS,boolean,true
MeritsAssesments,global,EVIDENCE_CA_POLICE_CAUTION,boolean,false
MeritsAssesments,global,DEC_REP_TEXT_PARA8A,text,false
MeritsAssesments,global,EXISTING_COUNSEL_OPINION,boolean,true
MeritsAssesments,global,NON_MAND_EVIDENCE_AMD_EXPERT,boolean,false
MeritsAssesments,global,FIRST_TIER_TRIBUNAL_IMM_ASY,boolean,false
MeritsAssesments,global,CASES_FEES_DISTRIBUTED,number,true
MeritsAssesments,global,COMMUNITY_CARE,boolean,false
MeritsAssesments,global,ROUTING_IMMIGRATION,boolean,false
MeritsAssesments,global,EVID_DEC_AGAINST_INSTRUCTIONS,boolean,false
MeritsAssesments,global,COPY_WARNING_LETTER,boolean,true
MeritsAssesments,global,URGENT_HEARING_DATE,date,true
MeritsAssesments,global,EVIDENCE_AMD_COUNSEL_OPINION,boolean,false
MeritsAssesments,global,APP_SCA_NON_MERITS_TESTED,boolean,false
MeritsAssesments,global,APP_CARE_SUPERVISION,boolean,false
MeritsAssesments,global,UPPER_TRIBUNAL_MENTAL_HEALTH,boolean,false
MeritsAssesments,global,DEC_REP_TEXT_PARA9A,text,false
MeritsAssesments,global,EVIDENCE_CA_INJ_PSO,boolean,false
MeritsAssesments,global,SPECIAL_CHILDREN_ACT_APP,boolean,false
MeritsAssesments,global,EVIDENCE_DV_POLICE_CAUTION_2A,boolean,false
MeritsAssesments,global,DECLARATION_IS_CLIENTS,boolean,false
MeritsAssesments,global,MAGISTRATES_COURT,boolean,false
MeritsAssesments,global,APP_AMEND_TYPE,text,true
MeritsAssesments,global,APP_INCLUDES_INQUEST_PROCS,boolean,false
MeritsAssesments,global,EVIDENCE_DV_PUB_BODY,boolean,false
MeritsAssesments,global,EVIDENCE_EXISTING_EXPERT_RPT,boolean,false
MeritsAssesments,global,RB_VERSION_NUMBER_MERITS,text,false
MeritsAssesments,global,EVIDENCE_AMD_CORRESPONDENCE,boolean,false
MeritsAssesments,global,FIRST_TIER_TRIBUNAL_CARE_STAND,boolean,false
MeritsAssesments,global,EMERGENCY_FC_CRITERIA,text,true
MeritsAssesments,global,CAT_OF_LAW_DESCRIPTION,text,false
MeritsAssesments,global,CATEGORY_OF_LAW,text,true
MeritsAssesments,global,HIGH_PROFILE,boolean,true
MeritsAssesments,global,EVIDENCE_PLEADINGS_REQUIRED,boolean,false
MeritsAssesments,global,APP_INC_CHILD_ABDUCTION,boolean,false
MeritsAssesments,global,LIMITATION_PERIOD_TO_EXPIRE,boolean,false
MeritsAssesments,global,SURNAME_AT_BIRTH,text,true
MeritsAssesments,global,CURRENT_CERT_SUBSTANTIVE,boolean,false
MeritsAssesments,global,SUBSTANTIVE_APP,boolean,false
MeritsAssesments,global,ATTEND_URGENT_HEARING,boolean,false
MeritsAssesments,global,RB_VERSION_DATE_MERITS,date,false
MeritsAssesments,global,ROUTING_COMPLEX_MERITS,boolean,false
MeritsAssesments,global,EVIDENCE_AMD_COURT_ORDER,boolean,false
MeritsAssesments,global,CASE_OWNER_IMMIGRATION,boolean,false
MeritsAssesments,global,LEGALLY_LINKED_SCU,boolean,false
MeritsAssesments,global,EVIDENCE_DV_REFUGE,boolean,false
MeritsAssesments,global,MERITS_BACKLOG_REPORT_TAG,text,false
MeritsAssesments,global,ACTION_AGAINST_POLICE,boolean,false
MeritsAssesments,global,EVIDENCE_DV_SUPP_SERVICE,boolean,false
MeritsAssesments,global,NEGOTIATION_CORRESPONDENCE,boolean,true
MeritsAssesments,global,EVIDENCE_AMD_EXPERT_RPT,boolean,false
MeritsAssesments,global,DEFAULT_COST_LIMITATION,currency,true
MeritsAssesments,global,DECLARATION_IS_REPRESENTATIVES,boolean,false
MeritsAssesments,global,EVIDENCE_EXISTING_COUNSEL_OP,boolean,false
MeritsAssesments,global,POA_OR_BILL_FLAG,text,true
MeritsAssesments,global,ISSUE_URGENT_PROCEEDINGS,boolean,false
MeritsAssesments,global,EVIDENCE_DV_PUBLIC_BODY,boolean,false
MeritsAssesments,global,EVIDENCE_DV_HEALTH_LETTER,boolean,false
MeritsAssesments,global,EVIDENCE_COPY_PR_ORDER,boolean,false
MeritsAssesments,global,COUNTRY,text,true
MeritsAssesments,global,MATTER_IS_SWPI,boolean,false
MeritsAssesments,global,MERITS_ROUTING,text,false
MeritsAssesments,global,DEC_REP_TEXT_PARA16A,text,false
MeritsAssesments,global,CHILD_CLIENT,boolean,false
MeritsAssesments,global,EVIDENCE_PR_AGREEMENT,boolean,false
MeritsAssesments,global,DATE_CLIENT_VISITED_FIRM,date,true
MeritsAssesments,global,ROUTING_MENTAL_HEALTH,boolean,false
MeritsAssesments,global,EVIDENCE_CA_SOCSERV_LTTR,boolean,false
MeritsAssesments,global,NEW_APPL_OR_AMENDMENT,text,true
MeritsAssesments,global,NON_MAND_EVIDENCE_CORR_ADR,boolean,false
MeritsAssesments,global,EVIDENCE_DV_HOUSING_AUTHORITY,boolean,false
MeritsAssesments,global,EVIDENCE_DV_IMMRULES_289A,boolean,false
MeritsAssesments,global,EXISTING_EXPERT_REPORTS,boolean,true
MeritsAssesments,global,NON_MAND_EVIDENCE_OMBUD_RPT,boolean,false
MeritsAssesments,global,SMOD_APPLICABLE_TO_MATTER,boolean,false
MeritsAssesments,global,_SYSTEM_PUI_CONTEXT,text,true
MeritsAssesments,global,NI_NO,text,true
MeritsAssesments,global,EVIDENCE_PRE_ACTION_DISCLOSURE,boolean,false
MeritsAssesments,global,COST_LIMIT_CHANGED,boolean,false
MeritsAssesments,global,EVIDENCE_DV_DVPN_2,boolean,false
MeritsAssesments,global,MAIN_PURPOSE_OF_APPLICATION,text,true
MeritsAssesments,global,MENTAL_HEALTH_REVIEW_TRIBUNAL,boolean,false
MeritsAssesments,global,DELEG_FUNCTIONS_DATE_MERITS,date,false
MeritsAssesments,global,LEGAL_HELP_PROVIDED,boolean,true
MeritsAssesments,global,LAR_SCOPE_FLAG,boolean,true
MeritsAssesments,global,LEGALLY_LINKED_VHCC,boolean,false
MeritsAssesments,global,ROUTING_VHCC,boolean,false
MeritsAssesments,global,RISK_SCA_PR,boolean,false
MeritsAssesments,global,EVIDENCE_EXISTING_STATEMENT,boolean,false
MeritsAssesments,global,EVIDENCE_DV_COURT_ORDER,boolean,false
MeritsAssesments,global,EVIDENCE_IQ_REPORT_ON_DEATH,boolean,false
MeritsAssesments,global,APP_GRANTED_USING_DP,boolean,false
MeritsAssesments,global,OTHER_PARTIES_MAY_BENEFIT,boolean,true
MeritsAssesments,global,APP_IS_SCA_RELATED,boolean,false
MeritsAssesments,global,EVIDENCE_OMBUDSMAN_COMP_RPT,boolean,false
MeritsAssesments,global,SCA_APPEAL_INCLUDED,boolean,false
MeritsAssesments,global,NON_MAND_EVIDENCE_WARNING_LTTR,boolean,false
MeritsAssesments,global,ACTUAL_LIKELY_COSTS_EXCEED_25K,boolean,true
MeritsAssesments,global,EVIDENCE_DV_CONVICTION,boolean,false
MeritsAssesments,global,CLIENT_REQ_SEP_REP,boolean,true
MeritsAssesments,global,APPLICATION_FROM_APPLY,boolean,true
MeritsAssesments,global,CLIENT_AGE,number,false
MeritsAssesments,global,MERITS_ROUTING_NAME,text,false
MeritsAssesments,global,DEVOLVED_POWERS_CONTRACT_FLAG,text,true
MeritsAssesments,global,IMMIGRATION_QUESTION_APP,boolean,false
MeritsAssesments,global,HIGH_COURT,boolean,false
MeritsAssesments,global,FIRST_TIER_TRIBUNAL_TAXATION,boolean,false
MeritsAssesments,global,SURNAME,text,true
MeritsAssesments,global,NON_MAND_EVIDENCE_AMD_CT_ORDER,boolean,false
MeritsAssesments,global,EVIDENCE_DV_CRIM_PROCS_2A,boolean,false
MeritsAssesments,global,DECLARATION_IDENTIFIER,boolean,true
MeritsAssesments,global,IMMIGRATION_CT_OF_APPEAL,boolean,false
MeritsAssesments,global,CURRENT_CERT_EMERGENCY,boolean,false
MeritsAssesments,global,SPECIAL_IMM_APPEAL_COMMISSION,boolean,false
MeritsAssesments,global,CASE_OWNER_MENTAL_HEALTH,boolean,false
MeritsAssesments,global,EVIDENCE_DV_FIN_ABUSE,boolean,false
MeritsAssesments,global,CASE_OWNER_VHCC,boolean,false
MeritsAssesments,global,OTHERS_WHO_MAY_BENEFIT,boolean,true
MeritsAssesments,global,CASE_OWNER_SCA,boolean,false
MeritsAssesments,global,APP_BROUGHT_BY_PERSONAL_REP,boolean,true
MeritsAssesments,global,NON_MAND_EVIDENCE_AMD_SOLS_RPT,boolean,false
MeritsAssesments,global,CLIENT_MARITAL_STATUS,text,false
MeritsAssesments,global,EVIDENCE_RELEVANT_CORR_ADR,boolean,false
MeritsAssesments,global,COST_LIMIT_CHANGED_FLAG,text,true
MeritsAssesments,global,MENTAL_HEAL_QUESTION_APPLIES,boolean,false
MeritsAssesments,global,APP_IS_FAMILY,boolean,false
MeritsAssesments,global,PROSCRIBED_ORG_APPEAL_COMM,boolean,false
MeritsAssesments,global,NEW_APPLICATION,boolean,false
MeritsAssesments,global,FAM_CERT_PREDICTED_COSTS,currency,false
MeritsAssesments,global,EVIDENCE_AMD_PLEADINGS,boolean,false
MeritsAssesments,global,CLIENT_CIVIL_PARTNER_DISSOLVE,boolean,false
MeritsAssesments,global,NON_MAND_EVIDENCE_PRE_ACT_DISC,boolean,false
MeritsAssesments,global,EVIDENCE_RELEVANT_CORR_SETTLE,boolean,false
MeritsAssesments,global,CRIME,boolean,false
MeritsAssesments,global,REQ_COST_LIMITATION,currency,true
MeritsAssesments,global,EVIDENCE_CA_UNSPENT_CONVICTION,boolean,false
MeritsAssesments,global,NON_MAND_EVIDENCE_CTORDER,boolean,false
MeritsAssesments,global,COURT_OF_APPEAL,boolean,false
MeritsAssesments,global,CASE_OWNER_SCU,boolean,false
MeritsAssesments,global,CASE_OWNER_COMPLEX_MERITS,boolean,false
MeritsAssesments,global,DEC_REP_TEXT_PARA12A,text,false
MeritsAssesments,global,EVIDENCE_IQ_CORONER_CORR,boolean,false
MeritsAssesments,global,NON_MAND_EVIDENCE_COUNSEL_OP,boolean,false
MeritsAssesments,global,COUNTY_COURT,boolean,false
MeritsAssesments,global,POST_CODE,text,true
MeritsAssesments,global,ROUTING_STD_FAMILY_MERITS,boolean,false
MeritsAssesments,global,EVIDENCE_CA_POLICE_BAIL,boolean,false
MeritsAssesments,global,NON_MAND_EVIDENCE_AMD_COUNSEL,boolean,false
MeritsAssesments,global,EVIDENCE_DV_PARTY_ON_BAIL_2A,boolean,false
MeritsAssesments,global,DEFAULT_COST_LIMITATION_MERITS,currency,false
MeritsAssesments,global,APP_DIV_JUDSEP_DISSOLUTION_CP,boolean,false
MeritsAssesments,global,ECF_FLAG,boolean,true
MeritsAssesments,global,APPLICATION_CAN_BE_SUBMITTED,boolean,false
MeritsAssesments,global,_SYSTEM_PUI_URL,text,true
MeritsAssesments,global,NON_MAND_EVIDENCE_PLEADINGS,boolean,false
MeritsAssesments,global,MENTAL_HEAL_ACT_MENTAL_CAP_ACT,boolean,true
MeritsAssesments,global,EVIDENCE_CA_SOCSERV_ASSESS,boolean,false
MeritsAssesments,global,PROCS_INCLUDE_CHILD,boolean,false
MeritsAssesments,global,DEC_REP_TEXT_PARA13A,text,false
MeritsAssesments,global,EVIDENCE_WARNING_LETTER,boolean,false
MeritsAssesments,global,URGENT_APPLICATION_TAG,text,false
MeritsAssesments,global,USER_TYPE,text,true
MeritsAssesments,global,LEGALLY_LINKED_SIU,boolean,false
MeritsAssesments,global,REQUESTED_COST_LIMIT_OVER_25K,boolean,false
MeritsAssesments,global,NON_MAND_EVIDENCE_CORR_SETTLE,boolean,false
MeritsAssesments,global,NON_MAND_EVIDENCE_LTTR_ACTION,boolean,false
MeritsAssesments,global,CERTIFICATE_PREDICTED_COSTS,currency,false
MeritsAssesments,global,EVIDENCE_EXISTING_CT_ORDER,boolean,false
MeritsAssesments,global,CLIENT_SINGLE,boolean,false
MeritsAssesments,global,EVIDENCE_IQ_COSTS_SCHEDULE,boolean,false
MeritsAssesments,global,USER_PROVIDER_FIRM_ID,number,true
MeritsAssesments,global,SUPREME_COURT,boolean,false
MeritsAssesments,global,MERITS_EVIDENCE_REQD,boolean,false
MeritsAssesments,global,CASE_OWNER_STD_FAMILY_MERITS,boolean,false
MeritsAssesments,global,EVIDENCE_DV_FINDING_FACT_2A,boolean,false
MeritsAssesments,global,EVIDENCE_EXPERT_REPORT,boolean,false
MeritsAssesments,global,EDUCATION,boolean,false
MeritsAssesments,global,APP_INCLUDES_SCA_PROCS,boolean,false
MeritsAssesments,global,REASON_SEPARATE_REP_REQ,text,true
MeritsAssesments,global,PROCS_ARE_BEFORE_THE_COURT,boolean,true
MeritsAssesments,global,URGENT_FLAG,boolean,true
MeritsAssesments,global,CLIENT_COHABITING,boolean,false
MeritsAssesments,global,DEC_REP_TEXT_PARA14A,text,false
MeritsAssesments,global,EVIDENCE_MEDIATOR_APP7A,boolean,false
MeritsAssesments,global,DEC_AGAINST_INSTRUCTIONS,boolean,true
MeritsAssesments,global,DATE_ASSESSMENT_STARTED,date,true
MeritsAssesments,global,DP_WITH_JUDICIAL_REVIEW,boolean,false
MeritsAssesments,global,CLIENT_HAS_RECEIVED_LA_BEFORE,boolean,true
MeritsAssesments,global,DEC_REP_TEXT_PARA2A,text,false
MeritsAssesments,global,EMERGENCY_DEC_SIGNED,boolean,false
MeritsAssesments,global,UPLOAD_SEPARATE_STATEMENT,boolean,true
MeritsAssesments,global,PROVIDER_HAS_DP,boolean,false
MeritsAssesments,global,DEC_REP_TEXT_PARA15A,text,false
MeritsAssesments,global,PUBLIC_LAW_NON_FAMILY,boolean,false
MeritsAssesments,global,DEC_REP_TEXT_PARA03A,text,false
MeritsAssesments,global,FH_LOWER_PROVIDED,boolean,true
MeritsAssesments,global,EVIDENCE_LETTER_BEFORE_ACTION,boolean,false
MeritsAssesments,global,REASON_NO_ATTEMPT_TO_SETTLE,text,true
MeritsAssesments,global,DEC_REP_TEXT_PARA3A,text,false
MeritsAssesments,global,NON_MAND_EVIDENCE_EXPERT_EXIST,boolean,false
MeritsAssesments,global,EVIDENCE_DV_IDVA,boolean,false
MeritsAssesments,global,CAT_OF_LAW_HIGH_LEVEL,text,false
MeritsAssesments,global,UPPER_TRIBUNAL_IMM_ASY,boolean,false
MeritsAssesments,global,EVIDENCE_DV_PROT_INJUNCT,boolean,false
MeritsAssesments,global,EVIDENCE_DV_SUPPORT_ORG,boolean,false
MeritsAssesments,global,CLIENT_WIDOWED,boolean,false
MeritsAssesments,global,EVIDENCE_DV_UNDERTAKING_2A,boolean,false
MeritsAssesments,global,NON_MAND_EVIDENCE_ICA_LETTER,boolean,false
MeritsAssesments,global,MERITS_OPA_RELEASE,text,false
MeritsAssesments,global,IMMIGRATION,boolean,false
MeritsAssesments,global,APP_INCLUDES_RELATED_PROCS,boolean,false
MeritsAssesments,global,CLIENT_MARRIED,boolean,false
MeritsAssesments,global,PROPORTIONALITY_QUESTION_APP,boolean,false
MeritsAssesments,global,EVIDENCE_CA_CRIME_PROCS,boolean,false
MeritsAssesments,global,SA_INTRODUCTION,boolean,false
MeritsAssesments,global,CHILD_MUST_BE_INCLUDED,boolean,false
MeritsAssesments,global,DEC_REP_TEXT_PARA4A,text,false
MeritsAssesments,global,NON_MAND_EVIDENCE_EXPERT_RPT,boolean,false
MeritsAssesments,global,NON_MAND_EVIDENCE_AMD_CORR,boolean,false
MeritsAssesments,global,ROUTING_SCU,boolean,false
MeritsAssesments,global,URGENT_DIRECTIONS,boolean,false
MeritsAssesments,global,CAT_OF_LAW_MEANING,text,false
MeritsAssesments,global,APP_RELATES_EPO_EXTENDEPO_SAO,boolean,false
MeritsAssesments,global,APPLICATION_CASE_REF,text,true
MeritsAssesments,global,EMPLOYMENT_APPEAL_TRIBUNAL,boolean,false
MeritsAssesments,global,PRE_CERT_COSTS,currency,false
MeritsAssesments,global,AMENDMENT,boolean,false
MeritsAssesments,global,EVIDENCE_CA_PROTECTIVE_INJ,boolean,false
MeritsAssesments,global,EMERGENCY_DPS_APP_AMD,boolean,false
MeritsAssesments,global,DECLARATION_REP_TEXT,text,false
MeritsAssesments,global,FIRST_NAME,text,true
MeritsAssesments,global,MENTAL_HEALTH,boolean,false
MeritsAssesments,global,DEC_REP_TEXT_PARA10A,text,false
MeritsAssesments,global,URGENT_APPLICATION,boolean,false
MeritsAssesments,global,APP_INC_SECURE_ACCOM,boolean,false
MeritsAssesments,global,EVIDENCE_CA_FINDING_FACT,boolean,false
MeritsAssesments,global,DELEGATED_FUNCTIONS_DATE,date,true
MeritsAssesments,global,HOUSING,boolean,false
MeritsAssesments,global,MERITS_CERT_PREDICTED_COSTS,currency,false
MeritsAssesments,global,DECLARATION_REVOKE_IMP_SUBDP,boolean,true
MeritsAssesments,global,DEC_REP_TEXT_PARA6A,text,false
MeritsAssesments,global,EMERGENCY_FURTHER_INFORMATION,text,true
MeritsAssesments,global,DATE_OF_BIRTH,date,true
MeritsAssesments,global,CROWN_COURT,boolean,false
MeritsAssesments,global,SCA_AUTO_GRANT,boolean,false
MeritsAssesments,global,NON_MAND_EVIDENCE_AMD_PLEAD,boolean,false
MeritsAssesments,global,CLIENT_DIVORCED,boolean,false
MeritsAssesments,global,CLIENT_JUDICIALLY_SEPARATED,boolean,false
MeritsAssesments,global,PREP_OF_STATEMENT_PAPERS,boolean,false
MeritsAssesments,global,CLINICAL_NEGLIGENCE,boolean,false
MeritsAssesments,global,_SYSTEM_PUI_USERID,text,true
MeritsAssesments,global,DEC_REP_TEXT_PARA11A,text,false
MeritsAssesments,global,MARITIAL_STATUS,text,true
MeritsAssesments,global,MERITS_DECLARATION_SCREEN,boolean,true
MeritsAssesments,global,DEC_REP_TEXT_PARA7A,text,false
MeritsAssesments,global,APP_INC_CHILDREN_PROCS,boolean,false
MeritsAssesments,global,CLIENT_CIVIL_PARTNER,boolean,false
MeritsAssesments,global,MEDIATION_APPLICABLE,boolean,false
MeritsAssesments,global,EVIDENCE_AMD_SOLICITOR_RPT,boolean,false
MeritsAssesments,PROCEEDING,MATRIMONIAL_PROCEEDING,text,false
MeritsAssesments,PROCEEDING,PROC_IMMIGRATION_RELATED,boolean,false
MeritsAssesments,PROCEEDING,FAM_PROSP_VERY_POOR,boolean,false
MeritsAssesments,PROCEEDING,PROC_DEFAULT_LEVEL_OF_SERVICE,text,false
MeritsAssesments,PROCEEDING,REQUESTED_SCOPE,text,true
MeritsAssesments,PROCEEDING,FAM_PROSP_UNCERTAIN,boolean,false
MeritsAssesments,PROCEEDING,EXPERT_COST_FAMILY,currency,true
MeritsAssesments,PROCEEDING,PROC_CHILD_ABDUCTION,text,false
MeritsAssesments,PROCEEDING,PROPORTIONALITY_QUESTION,text,false
MeritsAssesments,PROCEEDING,FAM_PROSP_POOR,boolean,false
MeritsAssesments,PROCEEDING,CLIENT_INV_TYPE_CHILD,boolean,false
MeritsAssesments,PROCEEDING,CLIENT_INV_TYPE_PERSONAL_REP,boolean,false
MeritsAssesments,PROCEEDING,OVERWHELMING_IMPORTANCE,boolean,false
MeritsAssesments,PROCEEDING,PROCEEDING_ID,text,true
MeritsAssesments,PROCEEDING,PROCEEDING_TYPE,text,false
MeritsAssesments,PROCEEDING,LEVEL_OF_SERV_FHH,boolean,false
MeritsAssesments,PROCEEDING,FAM_PROSP_MARGINAL,boolean,false
MeritsAssesments,PROCEEDING,PROCEEDING_INCLUDES_CHILD,text,false
MeritsAssesments,PROCEEDING,PROC_CA_GATEWAY_APPLIES,boolean,false
MeritsAssesments,PROCEEDING,APPEAL_IN_SUPREME_COURT,boolean,false
MeritsAssesments,PROCEEDING,PROC_SCHED1_TRUE,boolean,false
MeritsAssesments,PROCEEDING,LEVEL_OF_SERVICE,text,true
MeritsAssesments,PROCEEDING,LEVEL_OF_SERV_FR,boolean,false
MeritsAssesments,PROCEEDING,CLIENT_INV_TYPE_INTERVENOR,boolean,false
MeritsAssesments,PROCEEDING,PROC_OUTCOME_NO_OUTCOME,boolean,false
MeritsAssesments,PROCEEDING,CLIENT_BRINGING_OR_DEFENDING,boolean,false
MeritsAssesments,PROCEEDING,SCOPE_LIMIT_IS_DEFAULT,boolean,true
MeritsAssesments,PROCEEDING,SCA_APPEAL_FINAL_ORDER,boolean,false
MeritsAssesments,PROCEEDING,DAMAGES_AGAINST_POLICE,text,false
MeritsAssesments,PROCEEDING,COUNSEL_FEE_FAMILY,currency,true
MeritsAssesments,PROCEEDING,CLIENT_INV_TYPE_BRING_3RD_PTY,boolean,false
MeritsAssesments,PROCEEDING,PROCEEDING_APPLICATION_TYPE,text,false
MeritsAssesments,PROCEEDING,PROC_DELEGATED_FUNCTIONS_DATE,date,false
MeritsAssesments,PROCEEDING,PROC_INVOLVING_FIN_AND_PROP,text,false
MeritsAssesments,PROCEEDING,PROCEEDING_JUDICIAL_REVIEW,boolean,false
MeritsAssesments,PROCEEDING,WARNING_LETTER_SENT,boolean,true
MeritsAssesments,PROCEEDING,SMOD_APPLICABLE,text,false
MeritsAssesments,PROCEEDING,POLICE_NOTIFIED,boolean,true
MeritsAssesments,PROCEEDING,FAMILY_PROSPECTS_OF_SUCCESS,text,true
MeritsAssesments,PROCEEDING,FAM_PROSP_VERY_GOOD,boolean,false
MeritsAssesments,PROCEEDING,PROC_PREDICTED_COST_FAMILY,currency,false
MeritsAssesments,PROCEEDING,INJ_RESPONDENT_CAPACITY,boolean,true
MeritsAssesments,PROCEEDING,LEAD_PROCEEDING_MERITS,boolean,false
MeritsAssesments,PROCEEDING,CLIENT_INV_TYPE_OTHER,boolean,false
MeritsAssesments,PROCEEDING,MATTER_TYPE_STAND_ALONE,text,false
MeritsAssesments,PROCEEDING,PROC_MEANING,text,false
MeritsAssesments,PROCEEDING,NON_QUANTIFIABLE_REMEDY,boolean,false
MeritsAssesments,PROCEEDING,PROC_IS_SCA_OR_RELATED,text,false
MeritsAssesments,PROCEEDING,PROCEEDING_CASE_OWNER_SCU,boolean,false
MeritsAssesments,PROCEEDING,PRIVATE_FUNDING_APPLICABLE,boolean,false
MeritsAssesments,PROCEEDING,PROC_DV_GATEWAY_APPLIES,boolean,false
MeritsAssesments,PROCEEDING,PROCEEDING_LIMITATION_DESC,text,false
MeritsAssesments,PROCEEDING,PROCEEDING_NAME,text,true
MeritsAssesments,PROCEEDING,IMMIGRATION_QUESTION_APPLIES,text,false
MeritsAssesments,PROCEEDING,BAIL_CONDITIONS_SET,boolean,true
MeritsAssesments,PROCEEDING,ROUTING_FOR_PROCEEDING,text,false
MeritsAssesments,PROCEEDING,FAM_PROSP_GOOD,boolean,false
MeritsAssesments,PROCEEDING,DISBURSEMENT_COST_FAMILY,currency,true
MeritsAssesments,PROCEEDING,PROC_RELATED_SCA_OR_RELATED,boolean,false
MeritsAssesments,PROCEEDING,PROCEEDING_DESCRIPTION,text,false
MeritsAssesments,PROCEEDING,CLIENT_DEFENDANT_3RD_PTY,boolean,false
MeritsAssesments,PROCEEDING,FAM_PROSP_BORDER_UNCERT_POOR,boolean,false
MeritsAssesments,PROCEEDING,FAM_PROSP_50_OR_BETTER,boolean,false
MeritsAssesments,PROCEEDING,PROSPECTS_OF_SUCCESS,text,false
MeritsAssesments,PROCEEDING,HIGH_COST_CASE_ROUTING,text,false
MeritsAssesments,PROCEEDING,NEW_OR_EXISTING,text,true
MeritsAssesments,PROCEEDING,PROC_RELATED_PROCEEDING,boolean,false
MeritsAssesments,PROCEEDING,DOM_VIOLENCE_WAIVER_APPLIES,text,false
MeritsAssesments,PROCEEDING,CLIENT_INV_TYPE_BRING_COUNTER,boolean,false
MeritsAssesments,PROCEEDING,NEW_OR_EXISTING_MERITS,text,false
MeritsAssesments,PROCEEDING,PROCEEDING_LIMITATION_MEANING,text,false
MeritsAssesments,PROCEEDING,CLIENT_INV_TYPE_DEF_COUNTER,boolean,false
MeritsAssesments,PROCEEDING,LEAD_PROCEEDING,boolean,true
MeritsAssesments,PROCEEDING,PROC_MATTER_TYPE_DESC,text,false
MeritsAssesments,PROCEEDING,SIGNIFICANT_WIDER_PUB_INTEREST,boolean,false
MeritsAssesments,PROCEEDING,PROC_INVOLVING_CHILDREN,text,false
MeritsAssesments,PROCEEDING,PROC_INVOLVING_INJUNCTION,text,false
MeritsAssesments,PROCEEDING,PROC_FIN_REP_CATEGORY,text,false
MeritsAssesments,PROCEEDING,CLIENT_INV_TYPE_APPELLANT,boolean,false
MeritsAssesments,PROCEEDING,PROC_AVAILABLE_AMENDMENT_ONLY,text,false
MeritsAssesments,PROCEEDING,PRIVATE_FUNDING_CONSIDERED,text,false
MeritsAssesments,PROCEEDING,MATTER_TYPE_CHILD_ABDUCTION,text,false
MeritsAssesments,PROCEEDING,PROFIT_COST_FAMILY,currency,true
MeritsAssesments,PROCEEDING,PROC_MATTER_TYPE_MEANING,text,false
MeritsAssesments,PROCEEDING,PROC_OUTCOME_RECORDED,boolean,false
MeritsAssesments,PROCEEDING,INJ_RECENT_INCIDENT_DETAIL,text,true
MeritsAssesments,PROCEEDING,CLIENT_INV_TYPE_INTERPLEADER,boolean,false
MeritsAssesments,PROCEEDING,FAM_PROSP_BORDERLINE_UNCERT,boolean,false
MeritsAssesments,PROCEEDING,PROC_IS_MERITS_TESTED,text,false
MeritsAssesments,PROCEEDING,CLIENT_INVOLVEMENT_TYPE,text,true
MeritsAssesments,PROCEEDING,CLIENT_INV_TYPE_DEFEND_PROCS,boolean,false
MeritsAssesments,PROCEEDING,CLIENT_INV_TYPE_BRINGING_PROCS,boolean,false
MeritsAssesments,PROCEEDING,PROC_SUBJECT_TO_MEDIATION,text,false
MeritsAssesments,PROCEEDING,PROC_CARE_SUPERV_OR_RELATED,text,false
MeritsAssesments,PROCEEDING,MATTER_TYPE,text,true
MeritsAssesments,PROCEEDING,CLIENT_INV_TYPE_JOINED_PARTY,boolean,false
MeritsAssesments,PROCEEDING,PROC_REGISTER_FOREIGN_ORDER,text,false
MeritsAssesments,PROCEEDING,PROC_POSSESSION,text,false
MeritsAssesments,PROCEEDING,PROC_SUBJECT_TO_DP_CHECK,text,false
MeritsAssesments,PROCEEDING,MATTER_TYPE_PUBLIC_FAMILY,text,false
MeritsAssesments,PROCEEDING,LEVEL_OF_SERV_IH,boolean,false
MeritsAssesments,PROCEEDING,PROC_UPPER_TRIBUNAL,text,false
MeritsAssesments,PROCEEDING,PROC_LAR_GATEWAY,boolean,false
MeritsAssesments,PROCEEDING,PROCEEDING_LEVEL_OF_SERVICE,text,false
MeritsAssesments,PROCEEDING,PROCEEDING_STAND_ALONE,text,false
MeritsAssesments,PROCEEDING,LEVEL_OF_SERV_INQUEST,boolean,false
MeritsAssesments,PROCEEDING,CLIENT_INVOLVEMENT,text,false
MeritsAssesments,PROCEEDING,PROC_IS_SCA_APPEAL,boolean,false
MeritsAssesments,PROCEEDING,ACTION_DAMAGES_AGAINST_POLICE,boolean,false
MeritsAssesments,PROCEEDING,MATTER_TYPE_PRIVATE_FAMILY,text,false
MeritsAssesments,FAMILY_STATEMENT,FAMILY_STMT_DETAIL,text,true
MeritsAssesments,FAMILY_STATEMENT,FAMILY_STATEMENT_INSTANCE,text,false
MeritsAssesments,OPPONENT_OTHER_PARTIES,RELATIONSHIP_CIVIL_PARTNER,boolean,false
MeritsAssesments,OPPONENT_OTHER_PARTIES,RELATIONSHIP_CASE_INTERVENOR,boolean,false
MeritsAssesments,OPPONENT_OTHER_PARTIES,RELATIONSHIP_TENANT,boolean,false
MeritsAssesments,OPPONENT_OTHER_PARTIES,RELATIONSHIP_MEDICAL_PRO,boolean,false
MeritsAssesments,OPPONENT_OTHER_PARTIES,RELATIONSHIP_CASE_OPPONENT,boolean,false
MeritsAssesments,OPPONENT_OTHER_PARTIES,RELATIONSHIP_EMPLOYER,boolean,false
MeritsAssesments,OPPONENT_OTHER_PARTIES,RELATIONSHIP_NONE,boolean,false
MeritsAssesments,OPPONENT_OTHER_PARTIES,OTHER_PARTY_PERSON,boolean,false
MeritsAssesments,OPPONENT_OTHER_PARTIES,PARTY_IS_A_CHILD,boolean,false
MeritsAssesments,OPPONENT_OTHER_PARTIES,OTHER_PARTY_ORG,boolean,false
MeritsAssesments,OPPONENT_OTHER_PARTIES,RELATIONSHIP_STEP_PARENT,boolean,false
MeritsAssesments,OPPONENT_OTHER_PARTIES,RELATIONSHIP_CASE_GAL,boolean,false
MeritsAssesments,OPPONENT_OTHER_PARTIES,RELATIONSHIP_EX_HUSBAND_WIFE,boolean,false
MeritsAssesments,OPPONENT_OTHER_PARTIES,RELATIONSHIP_LEGAL_GUARDIAN,boolean,false
MeritsAssesments,OPPONENT_OTHER_PARTIES,RELATIONSHIP_SOL_BARRISTER,boolean,false
MeritsAssesments,OPPONENT_OTHER_PARTIES,RELATIONSHIP_EX_CIVIL_PARTNER,boolean,false
MeritsAssesments,OPPONENT_OTHER_PARTIES,RELATIONSHIP_LOCAL_AUTHORITY,boolean,false
MeritsAssesments,OPPONENT_OTHER_PARTIES,OPP_RELATIONSHIP_TO_CASE,text,false
MeritsAssesments,OPPONENT_OTHER_PARTIES,RELATIONSHIP_PARENT,boolean,false
MeritsAssesments,OPPONENT_OTHER_PARTIES,RELATIONSHIP_OTHER_FAM_MEMBER,boolean,false
MeritsAssesments,OPPONENT_OTHER_PARTIES,RELATIONSHIP_CASE_BENEFICIARY,boolean,false
MeritsAssesments,OPPONENT_OTHER_PARTIES,OTHER_PARTY_ID,text,true
MeritsAssesments,OPPONENT_OTHER_PARTIES,RELATIONSHIP_GRANDPARENT,boolean,false
MeritsAssesments,OPPONENT_OTHER_PARTIES,RELATIONSHIP_LANDLORD,boolean,false
MeritsAssesments,OPPONENT_OTHER_PARTIES,RELATIONSHIP_CHILD,boolean,false
MeritsAssesments,OPPONENT_OTHER_PARTIES,OTHER_PARTY_NAME,text,true
MeritsAssesments,OPPONENT_OTHER_PARTIES,RELATIONSHIP_CUSTOMER,boolean,false
MeritsAssesments,OPPONENT_OTHER_PARTIES,OTHER_PARTY_NAME_MERITS,text,false
MeritsAssesments,OPPONENT_OTHER_PARTIES,RELATIONSHIP_CASE_INT_PARTY,boolean,false
MeritsAssesments,OPPONENT_OTHER_PARTIES,RELATIONSHIP_TO_CASE,text,true
MeritsAssesments,OPPONENT_OTHER_PARTIES,RELATIONSHIP_PROPERTY_OWNER,boolean,false
MeritsAssesments,OPPONENT_OTHER_PARTIES,RELATIONSHIP_SUPPLIER,boolean,false
MeritsAssesments,OPPONENT_OTHER_PARTIES,RELATIONSHIP_EMPLOYEE,boolean,false
MeritsAssesments,OPPONENT_OTHER_PARTIES,RELATIONSHIP_CASE_CHILD,boolean,false
MeritsAssesments,OPPONENT_OTHER_PARTIES,RELATIONSHIP_CASE_AGENT,boolean,false
MeritsAssesments,OPPONENT_OTHER_PARTIES,OTHER_PARTY_TYPE,text,true
MeritsAssesments,OPPONENT_OTHER_PARTIES,OPP_RELATIONSHIP_TO_CLIENT,text,false
MeritsAssesments,OPPONENT_OTHER_PARTIES,RELATIONSHIP_TO_CLIENT,text,true
MeritsAssesments,OPPONENT_OTHER_PARTIES,RELATIONSHIP_HUSBAND_WIFE,boolean,false
